id,email,password,handle
1,jidwalevans0@tripod.com,qY4{Dw9K=mef.uL,ldykas0
2,kgainsboro1@last.fm,cJ3=n>{B2C4ho4,nbackler1
3,sswiers2@epa.gov,cI0&}!hV6G(71*,bpidgeon2
4,vtreby3@wufoo.com,vE0_L'`pY=*,stennison3
5,vgirardy4@stanford.edu,uO8(6Ip$Ni},cvassel4
6,smeekins5@amazonaws.com,pT6?crbF,lupston5
7,nfarlane6@ftc.gov,sY9%m2%|nNx,tcushworth6
8,crattray7@businessinsider.com,oM1+}e_z{%dBcurG,scathcart7
9,rseage8@washington.edu,bI1$Z!%Wib|}!d|,dgaddes8
10,awoodyer9@shinystat.com,"uF8@9,`n@lXa",iivons9
11,gpulvera@storify.com,"hR1?C@*s%(""laoA5",dsembera
12,hvedyashkinb@amazonaws.com,"rR7@G/b+""C",mblofieldb
13,jtaylerc@zdnet.com,jJ3*u=_~d`Jz@,sbricknallc
14,aharsentd@freewebs.com,yU6|<sj_,sseviord
15,kfothergille@admin.ch,"sY8,>L@%/aL0Y",lharbore
16,tmobbsf@twitpic.com,kC9%`d&.7!X,msymersf
17,lollerenshawg@skyrock.com,rT0\yk$8@pZM,athoroldg
18,dkearnsh@gov.uk,oK7$3rD)pG,elockyerh
19,ikeenleysidei@usgs.gov,tC6%GqWFlU\q,rfraysi
20,ziorilloj@amazon.co.uk,"cI1""h)T/",hivoshinj
21,gfooksk@alibaba.com,"wG6~TE""T0D{u9s}",wtomblesonk
22,xfairsl@acquirethisname.com,jR7(%>V#m,gmunneryl
23,mgrzelczakm@utexas.edu,"dH1,d!paP)%2g{5",loleshuninm
24,afranckn@marriott.com,"zV4~,EZ.m7j`*",fdearelln
25,jtomasio@vkontakte.ru,cY6|f(VwYAmJI1?,mwhappleo
26,kmanselp@issuu.com,tH9~vg3UER,krowstonp
27,kjeannessonq@google.pl,lJ2\e2/#yhKQM2,twassq
28,gdegower@mit.edu,hR1)XCn9#t,fpricer
29,jcrushs@state.tx.us,"tY3*GA+P.5c%y=L""",ktuhys
30,tsparkwellt@i2i.jp,fB7|$IAHO6ty,kdevallt
31,gkedieu@patch.com,cV6<5A2%7,ishayloru
32,dpreskettv@mapy.cz,"cY3/HOl'9Z_}W""*",hglovesv
33,jmcgarahanw@europa.eu,"zP1}4""aRX",reliotw
34,crosenbloomx@amazon.com,tR4#`}9jMGcy,mhobbingx
35,mtorrecillay@icio.us,aU8!aNMkB,ddoorbary
36,emcconvillez@constantcontact.com,uC4/aK$$i1,aroffez
37,achesswas10@dailymail.co.uk,"sG3(""R$@fZ8k&5o$",aarsey10
38,fwingham11@cisco.com,vP2_S9|hH,bjaspar11
39,cclemow12@mapquest.com,iR7/3<`.YJ~A,dbridie12
40,atrowle13@usda.gov,dJ7'{<HRK.L1I'W,dbroomhall13
41,hschimon14@paginegialle.it,yL4&%02.U$P52,fraspison14
42,cterbruggen15@abc.net.au,fK5!x_X+,eattride15
43,dwhitington16@columbia.edu,xQ5@KqZ|HuEN~K,dbatteson16
44,cephgrave17@uiuc.edu,"uH8+qkl4+5V$,M",amatz17
45,ggeely18@bizjournals.com,uT0@*FwBwM|,tdurker18
46,hreuter19@drupal.org,uB5}imF_l`J2?,aclackers19
47,jmcfaell1a@tuttocitta.it,gC4#_7O},lbreedy1a
48,sduigenan1b@angelfire.com,gN6&m`Ee8+y/,wwinman1b
49,bishchenko1c@tinypic.com,gG5+8?U1Y4t>,kdemer1c
50,mbridle1d@loc.gov,wB7$9mz5vxL},ecanedo1d
51,rboag1e@hao123.com,lG8~kHbvlD_)Qs6,ebartak1e
52,dpizzey1f@meetup.com,rG4><WT~9pVucl,kallington1f
53,anorvell1g@ustream.tv,"eT5""+P9m",sswindells1g
54,bhamberstone1h@ycombinator.com,yE8|}+}Cj,eoldrey1h
55,ceveritt1i@boston.com,iR6(_??F@z&)Xh~n,rgallichan1i
56,dmeers1j@over-blog.com,pB7*A_wV!pjS,ihaney1j
57,npegg1k@archive.org,"iE5,v/U08e8|}9",sshrigley1k
58,sleasor1l@google.fr,sY3.~4~y~{X!,rcostellow1l
59,lkail1m@senate.gov,"nI8\o""dNKQXCk5",amacgiollapheadair1m
60,afolbigg1n@istockphoto.com,eU9)To4>V&MH(6P|,jbacke1n
61,mtunnadine1o@symantec.com,wN0&J3I/APj+V,vcollough1o
62,awoolmington1p@elegantthemes.com,zM2.VIIql4,brawcliffe1p
63,hgrima1q@upenn.edu,"bD1%zV7<,",jstopher1q
64,amccleverty1r@abc.net.au,rP1(n.MR)ShGU,eingrem1r
65,wsteade1s@bbb.org,"cD5'Gpn=4,W",thatry1s
66,dspillman1t@imageshack.us,dA0}NeZGsl&@.uK,bmacness1t
67,lstarte1u@fc2.com,"tR6@@=\9z'}0(B""x",wshorbrook1u
68,mfuller1v@opensource.org,rV6+9@t5Xzb,bbeavis1v
69,nmosey1w@artisteer.com,"jQ9'cZ@*me3,N",dsterling1w
70,acanter1x@hugedomains.com,"hW4=~Ui.""J4VyH@",ecarreyette1x
71,bsaxon1y@hostgator.com,wE9=J$Si3Uf,tblodgett1y
72,mrobyns1z@1688.com,aD5?\w9t\nX5r,cjaggar1z
73,vkybbye20@ucoz.ru,zW1?e81_MRmQ,soleshunin20
74,tcasterou21@amazon.co.jp,aU9*7n'K%*2,dpurkess21
75,dgosnold22@va.gov,oY3.L1J\y,memmanuel22
76,slankham23@tinyurl.com,yP8+zOpBo,rfarra23
77,shousego24@elegantthemes.com,"mB7&,7<n_",kcottis24
78,sshorthill25@newyorker.com,iE5$F$ih@,mchapiro25
79,gcorsor26@tinypic.com,rT2?QMQ*3e)n,ewhalebelly26
80,ddarey27@sakura.ne.jp,aS9|u4V<vr)#q,tmacmurray27
81,abradberry28@sohu.com,wA5_hHuR,esinclaire28
82,dsawnwy29@hostgator.com,"kR8""MeYf.6n{%NI>",rerrey29
83,jhuertas2a@yelp.com,cM5}CH_1wM&o,kvanvelde2a
84,lapplewhite2b@xrea.com,eD7)#R<&qFYSb,mcastells2b
85,sdundendale2c@ameblo.jp,"kO6""F|@(j+",jhadleigh2c
86,gdeacon2d@joomla.org,"oO4(sf8v,s",lterbruggen2d
87,jjeffes2e@twitpic.com,"cU2<Z""y{4pCu/k}",kriddock2e
88,cprout2f@163.com,bT4#!.kxYxYxOi/l,djoris2f
89,ftanswill2g@unc.edu,mM1#x_1l2y8j&.,vlagde2g
90,bplain2h@harvard.edu,bK8|9wr7ndP,dgoodlett2h
91,tpennetti2i@tripadvisor.com,nI8|u=L/F|,pstellman2i
92,ktolwood2j@economist.com,uV5?#Wy{lhwa,ebartel2j
93,dghidoni2k@go.com,"uQ3""\L(DMg!?W.",hcrunkhurn2k
94,nfursland2l@archive.org,yU8|YEyv~jrqf=`=,obellerby2l
95,tfarry2m@stanford.edu,gI3{)WYFEU,fknowles2m
96,mrudman2n@blogspot.com,"nS6(""!'Ej5@",iveracruysse2n
97,agoldhawk2o@phpbb.com,nZ5#?}b?}v|G,mgras2o
98,wstarking2p@alibaba.com,"hT2{,m*GpP",livantyev2p
99,uforth2q@who.int,"jD7_ye{,aDe%e",ngermann2q
100,rsteljes2r@twitpic.com,rI0%6'LC~J)5JW8X,larch2r
101,bburfoot2s@ibm.com,gK8)!\+Vv6OZO+R,dpresslie2s
102,bcerman2t@un.org,cS5/A$zrl2D,pmcsperron2t
103,ptunder2u@uiuc.edu,tQ5`Wenp1<<cuC,kocarrol2u
104,mhedon2v@cpanel.net,hV1!l<BGl9S,fdenton2v
105,ewasselin2w@reference.com,"dN7%o9,i#",pisacke2w
106,phayth2x@bravesites.com,bW7}ek}!vFV<uY,jwestfalen2x
107,ldart2y@rediff.com,mV0/MyUU,kthoms2y
108,ctutill2z@shop-pro.jp,cR0!b{2_BEAHVwO,ethyng2z
109,gyaknov30@indiegogo.com,"yW0&/3(Y+""XZ~Zl(",aoldis30
110,azammitt31@bizjournals.com,eZ1={&*o61!mkAb,bpurbrick31
111,tcallander32@usatoday.com,pT1%t_nD,jyounglove32
112,pmerrell33@friendfeed.com,tG7'%u=vuC!*hd2,bbailie33
113,bradbourn34@umn.edu,"iJ9,)aic!RA",jvanderkruys34
114,gfairlam35@mtv.com,hS5)8b}xi%R{=SEW,rmockes35
115,wgammell36@google.cn,dR4(dcRAHYcqT#,bblaise36
116,gatyea37@sbwire.com,"mO6,2Ei#yZ5IjJ",kmceachern37
117,mgribbins38@simplemachines.org,"wX4\LoSrI""v(3",bwhates38
118,spimme39@1und1.de,zG1|?!G9,ppersence39
119,eescalante3a@cafepress.com,"hP9""i,3A2oqQt",ctabbitt3a
120,hkleinhausen3b@cmu.edu,iR2<lOSa,eruffli3b
121,mthornhill3c@hatena.ne.jp,"eX0*\cJ_)"")n{2",asandland3c
122,alathy3d@ucoz.ru,yR6&o?u5~nsXk,askedge3d
123,asoame3e@wufoo.com,"tC8}MlX{Vi""0'GDM",aphilipsohn3e
124,kfortesquieu3f@thetimes.co.uk,hX5)?<0'Mf@k=,ihasely3f
125,sbotting3g@wordpress.org,bF3{W=~5},acuerdall3g
126,dlorrie3h@sciencedirect.com,"rH1<{}=Zpw._""",ctiley3h
127,lgrieve3i@intel.com,eZ3%q_rddr,jquinane3i
128,gpaige3j@usatoday.com,dR1\~&#B9evmu=,tthurborn3j
129,lmcguinness3k@ucsd.edu,bO8}c`_s{Y1,rhalksworth3k
130,bshoosmith3l@networkadvertising.org,bX4|<eFesb,rferagh3l
131,rjoderli3m@pen.io,"mW0""goZukx}2F`?",ecastagnier3m
132,kfrandsen3n@drupal.org,jW6`w)u/<<bA*|#o,aplaunch3n
133,tstares3o@nasa.gov,wS6|1x/0x,nhegel3o
134,rcastelyn3p@soundcloud.com,zS1>bUTbc/sPF,zstronghill3p
135,lhaquin3q@furl.net,"sQ5""V7Ef",pdingley3q
136,dshakesby3r@sciencedirect.com,jU8~|1w+s}N1R,cdollen3r
137,rseymer3s@cbc.ca,bJ8|=7vH?g,bsmowton3s
138,bberceros3t@loc.gov,wF9$p0+<@7*!*F,bkillock3t
139,amiettinen3u@latimes.com,lT8*VS??FC1(pBQO,dbrayn3u
140,obellows3v@exblog.jp,nD1|yn*lM!8&,bjerrams3v
141,helby3w@answers.com,"bA9.xeZ,",rrodie3w
142,flehrle3x@photobucket.com,lB9&=+FE/qfw7,obanker3x
143,dnordass3y@slideshare.net,pG5){LDG,cenglefield3y
144,slightollers3z@google.co.uk,rO7/fo}'`8Kb>`,mweld3z
145,mweatherill40@dmoz.org,eD8~Sw#m!,rwasbey40
146,aragot41@epa.gov,hG2'd3)?'N*a,cdeblasi41
147,vbownas42@ca.gov,uV4|l97}S)i`<,ngathercole42
148,mberney43@nih.gov,pL6$MUwwsX,mweich43
149,lpull44@boston.com,oS8'aQW512_,mbetho44
150,mchedgey45@edublogs.org,"fT1%VOWvzp""cbRDs",sohenehan45
151,fparman46@weebly.com,"mB3""WMlQ",abalnaves46
152,bandriessen47@google.de,vB5>QxgH*,preinger47
153,aingry48@bloglines.com,gZ0'dPVv,fstidson48
154,grysdale49@ucoz.com,cU4<?B=hwI,rlound49
155,lillem4a@histats.com,vV5'FO5)#s,blefort4a
156,nluby4b@yellowbook.com,"kV3,.&T9%EPJ86n",ashillaber4b
157,ayewdale4c@patch.com,jA8&YYCQ94t,tcornthwaite4c
158,wsaffin4d@wisc.edu,eY6|Wh\<5(w5M),vacey4d
159,asyplus4e@eepurl.com,"wT9,(?i}7ct",atucsell4e
160,gsugarman4f@nationalgeographic.com,"mT6""R4.G{",oleythley4f
161,dwix4g@wisc.edu,fA9}seQP<n/exp,cchatband4g
162,cliepina4h@businessweek.com,cS9+I/yBZ,atraite4h
163,hslater4i@yolasite.com,vD4&bN}_,fkingerby4i
164,sglavin4j@wunderground.com,vX9?o8uv.Q,gcornford4j
165,omerlin4k@msn.com,xD9}jHW3!sN<?,pgrute4k
166,rclowton4l@github.io,nH2*2CES,kgutans4l
167,doharney4m@dailymotion.com,eH6)Nk#5k*YH,felloit4m
168,frappoport4n@multiply.com,"yI5""nT\YF86+",adorey4n
169,vmaccague4o@hubpages.com,kH9=G+jkz}'OkL,ofeechan4o
170,rbeatty4p@java.com,fT8)/&FJb\sfO0\,bsavile4p
171,asneaker4q@vistaprint.com,"eV9?`{)""",stompion4q
172,tginner4r@cnet.com,yA8)(1}$,jduckhouse4r
173,afoulser4s@ucla.edu,"vT7""}qKw",tdezuani4s
174,tbelz4t@toplist.cz,dI9=@C.>R*$$(,clicciardiello4t
175,dwinterborne4u@who.int,sN0_K7E.s$3k},fpopham4u
176,msertin4v@psu.edu,vD2'`DEK,dolding4v
177,fspittle4w@ca.gov,cV2&aM8>>h${,nmattke4w
178,epoulton4x@printfriendly.com,yR9!oIKH9eAT?P?,selsegood4x
179,uyerrington4y@blog.com,iN6(gS|!,vdetocqueville4y
180,lalpe4z@hugedomains.com,lV5=<\3fs,bhancock4z
181,estichall50@blogger.com,oS0+#~)c,bhardes50
182,bmum51@arizona.edu,rR5+y%<9(W,sbessett51
183,dhriinchenko52@squidoo.com,"dO0%qwPGKC""#y",krosas52
184,hcrowdson53@soundcloud.com,"aQ8(d),cj`5%X",ibigham53
185,dsheron54@buzzfeed.com,oE0(AZW~,pghest54
186,cleitch55@hibu.com,"lA6,/}lwY%",missacoff55
187,esalkild56@wikispaces.com,uJ1`G1E+s,dpudner56
188,mkoch57@ucoz.com,gF4}MvYTk!l+sZG,araubheim57
189,lodonovan58@msu.edu,oU0'Nnu9)CO0A0N!,challas58
190,bambrosch59@hao123.com,"sP1""M`_""o~",rbeining59
191,ecrain5a@springer.com,pF2>\e@@,ndevaar5a
192,lstanning5b@t-online.de,vB1+Z/aO?I,hbaumford5b
193,aseeley5c@aol.com,oI6|dpo`,vtrase5c
194,rperton5d@wufoo.com,nU3'UqIaM'Q,clonghurst5d
195,mthurlbourne5e@redcross.org,dP9|RFK`mdn0,ndagostini5e
196,srigg5f@instagram.com,aY0%9*0S1=vld,tvogele5f
197,jfolbig5g@columbia.edu,cM4`mzJaS{>,lmcsparran5g
198,rmuckart5h@hhs.gov,nW7)|a`d++KpC~\,lmougin5h
199,gdignam5i@youtu.be,lU6#Y\elG#z6&~l,seltringham5i
200,cbrisbane5j@geocities.jp,uE4$Umz*p,dbleby5j
201,aswiggs5k@google.com.br,lZ2(#6@R),dpund5k
202,toag5l@storify.com,xQ9`sD@',ltolliday5l
203,cskechley5m@fema.gov,cU7%~1N`{'S/Q8,cmccallister5m
204,rmcgeady5n@scientificamerican.com,rG7&nA/&pGtfKnYU,ljelf5n
205,gcommon5o@soup.io,"aO8(J,0{J",dspragge5o
206,npunch5p@i2i.jp,"uX7""}6qq{|Zf`.",smettericke5p
207,agillice5q@blogger.com,tI3$T6n)yl04t4ST,mcompson5q
208,dflorez5r@china.com.cn,jJ3#_cQr%e0ub,coakton5r
209,acockill5s@cargocollective.com,kI4<drttnLH#i5bA,srechert5s
210,tfynes5t@msu.edu,sY2)v=!qw6Y`8,cbrunetti5t
211,shassey5u@squarespace.com,"yS5""J`5PX=,tI6",pstiegars5u
212,qlambshine5v@bigcartel.com,"fG6?sr>L5""z1iP",cpfleger5v
213,nmallender5w@comsenz.com,"mD3!du@""dD",ktolle5w
214,cwiltshier5x@mediafire.com,oC8><k0bNWB,amoreinis5x
215,thordle5y@microsoft.com,eJ8@=f)n&PCTqR,pthaxter5y
216,lbollini5z@uol.com.br,oO2~YQ=6\)`CDYGP,eshottin5z
217,aramsden60@gizmodo.com,sT3~NKdAG7(,pjoire60
218,ebonafacino61@un.org,lG6@chk\~cNV,giredell61
219,hlegerwood62@archive.org,vC3<0b~{KWBh,fmacdearmont62
220,gshimmin63@macromedia.com,wK8{TMoO_6N4{LC>,sekins63
221,ecastanone64@webs.com,jO6!S){HlYm&MpA,kscowcraft64
222,ktinto65@home.pl,mL0!Tt(xHkc(Hk#,jhowkins65
223,csmallbone66@cloudflare.com,wX9<nv\NW|}SZ,mgrigoire66
224,kbondy67@cdbaby.com,"vD7$03,931pN6=",sclaypole67
225,mpetris68@disqus.com,kP1#oH`~$Gl#d\Y,aboddie68
226,sconeley69@ox.ac.uk,rE1{1)$8BJdT`,cruppertz69
227,nhurche6a@t.co,hR3{'@3zzNh,skinforth6a
228,kdennitts6b@google.com.hk,qK8)%j|HQDOE~aj,aforton6b
229,bconrart6c@vinaora.com,cB0&ZzfiE8j*9TzR,ncrichley6c
230,mestcot6d@php.net,"gM3""7$/YV)hr?*?j",mgodfery6d
231,calthrop6e@forbes.com,"yJ8,rG}BM}ud.3=",mlandal6e
232,mgiraudoux6f@bloglines.com,"kB1%|Z'5/#K""6l!\",bmelloy6f
233,keverard6g@cmu.edu,"nM2){#!""V*",kmack6g
234,cbett6h@cnn.com,qB9`u5>qZBH8w5,jlennon6h
235,lrosenwald6i@flavors.me,"dL2#QtQl,N",ddecaze6i
236,ccoggon6j@webeden.co.uk,eM5%37H0!,abows6j
237,plerhinan6k@google.pl,hE3#nuINp?D,sremirez6k
238,mosmint6l@yahoo.com,pH8'k&Nw\Y/Cvw,hjeenes6l
239,pdabbs6m@sciencedaily.com,"yD6""$qFww}",npinnington6m
240,reddoes6n@cnn.com,gK8$BR=R.,edowtry6n
241,dmatitiaho6o@prlog.org,pW0~_ebIFp}`p6p,mgomery6o
242,stickel6p@cam.ac.uk,"oQ6=o}bW0k""#/g!)",lnowland6p
243,urump6q@artisteer.com,zZ4&4lrr,psheehan6q
244,cblakeway6r@answers.com,aR3_QpaN2a~jkB5,jmarkus6r
245,lpermain6s@wiley.com,jX3`kWDBo1@(Xgl,loslar6s
246,rgianuzzi6t@eventbrite.com,yQ2}*yG)1Ivu&+6@,egladbeck6t
247,ajanicki6u@cdc.gov,pV2_jaL=Da},gpavlata6u
248,iklosa6v@tripod.com,"vW8|""P6fP8A",jbroszkiewicz6v
249,gmelbert6w@surveymonkey.com,bW9&@?B@0zV,aethington6w
250,gboud6x@dyndns.org,vB8}AAV@4!KTFBF,agoundrill6x
251,nweatherdon6y@webs.com,cI6|/Y9zs5?8bTi{,swarsap6y
252,akenryd6z@netvibes.com,mB4\|1p0e\+SJY@n,imcelrea6z
253,kvatini70@ocn.ne.jp,"mX5""7Qx!",rfeehery70
254,bsealey71@wisc.edu,pA3!|.MO&g~*KH8Y,gboram71
255,tball72@time.com,yA3&b.l9,dgillino72
256,woliphand73@bloglovin.com,fV5)$%Y0J43epsT,tcowtherd73
257,nrusling74@imdb.com,mN3}5y)!77FR<R,eworkes74
258,amartinez75@dedecms.com,sY1?px++t9,rruslin75
259,psuttling76@timesonline.co.uk,hR1./R+1MMffK2,bcoll76
260,joverlow77@ning.com,nC1&iqUCZ>K5D7qL,wnetti77
261,calbany78@utexas.edu,"sZ1&vM#,0Y.<h",fcaccavella78
262,aabramovitch79@angelfire.com,aA9@/7vx5,amccuis79
263,scantu7a@live.com,"iA3*yYBY6h0W""nw",nmarie7a
264,hdyke7b@cdbaby.com,"vZ4{~?Am$D\RhCA""",btummond7b
265,poppy7c@mozilla.org,iB9/Mo3JzBXA',aupshall7c
266,dlewer7d@chron.com,hD9?ZP&LtXROi9,jthickins7d
267,cjilliss7e@businessinsider.com,uZ2<`\(Blky,rvittet7e
268,lformby7f@nytimes.com,"zP1+O2,mZM9E!'L",bbeaglehole7f
269,ddillinton7g@zimbio.com,zF7'E0ep,mgaughan7g
270,hwoodruffe7h@webeden.co.uk,tR2>D+Y|Z5u$p$l{,soculligan7h
271,jhalle7i@disqus.com,uG6%YHUW)0s<O\,tsnelgar7i
272,vkerrane7j@businessinsider.com,"nE0,G/vw`r9TeV1#",cbaynom7j
273,eaylesbury7k@acquirethisname.com,wK6\vU3hOP,slionel7k
274,jklimowski7l@ustream.tv,jS2~OaA}s!Uh2F,mjorck7l
275,wbirkenshaw7m@sohu.com,mA7?aPhb3{w,ctripe7m
276,jearwicker7n@tinypic.com,qF9}#}YO*!X,cbrownsword7n
277,tsales7o@deliciousdays.com,nE5~jAL@}~cz#<gC,ncolbrun7o
278,cmembry7p@examiner.com,fJ2`vAACE,lstittle7p
279,kharbidge7q@hud.gov,dI2`g_oyY4cLCmz,bcrosskell7q
280,ehuckle7r@webmd.com,lS2(mLlC=c,htufts7r
281,rmarchetti7s@domainmarket.com,oL4'%Pq!2R,lrase7s
282,hsharrem7t@ameblo.jp,rY5%M.*OD_,hlightewood7t
283,sdinsey7u@ox.ac.uk,"sV1.i&H}@2\T%<,r",fsnook7u
284,zpower7v@bloomberg.com,nP5.kKNw},breadhead7v
285,njentin7w@com.com,mO7}eKqNxZLHu@>8,cmerkel7w
286,msaladine7x@about.com,"hF9>,CL2y#/",mburkman7x
287,pspradbrow7y@amazonaws.com,sS1>)3`q@N.e@7Yc,ttuff7y
288,lranby7z@google.cn,pF3`sps`YDEc,lchoules7z
289,jeglise80@springer.com,yR9\mJh35N.\?,dtombleson80
290,agherardelli81@sina.com.cn,dW4/CMT{yj,jbilfoot81
291,kpurse82@discovery.com,aP2'|*aTu6O?,twickwar82
292,cscroggins83@amazon.com,dJ8`(bRLb+rqbPa7,cgambrell83
293,lgullan84@123-reg.co.uk,oN4>|.PhYd)_nL,aburnip84
294,tbimrose85@dagondesign.com,oO8!4tSO0f,jrolse85
295,zmadders86@storify.com,xQ9{WNkx95RIEk,pdelchecolo86
296,nseville87@canalblog.com,mX3'{f\*,gchamberlayne87
297,jleaburn88@gov.uk,mX9<E>bgo,wkington88
298,bstorkes89@state.tx.us,vF8$Oro\HSa}R`,rhanley89
299,aglanville8a@sourceforge.net,fY7{fRz'|,mbater8a
300,ctabner8b@twitter.com,dZ1't'\A`NJ{5NO,lpetrollo8b
301,sfudge8c@51.la,cS4~3~{+kb9,chake8c
302,hshimuk8d@devhub.com,hN3<R$CmZN7.fmN,hvannozzii8d
303,cknevit8e@desdev.cn,gF3>A46vl,tdockrey8e
304,odemanuele8f@eepurl.com,dJ6`8Ofr,nduddin8f
305,jheighway8g@taobao.com,wZ6{3nXhVm/,rgreenmon8g
306,llodden8h@ehow.com,"mZ5#XvBiN(8"",",qchinn8h
307,abice8i@xing.com,"nM9""prPl~zj4",lhrihorovich8i
308,wwicher8j@pinterest.com,xO5#6gBP8{b#ht0L,nchandler8j
309,sboij8k@etsy.com,"lY4?I{B\,66,",egoby8k
310,lmasdon8l@gizmodo.com,xG2_C9*6h,aeburah8l
311,btippin8m@google.pl,iN0=RS2C%3ny,ldimatteo8m
312,btaunton8n@wikimedia.org,wO6_%1RQK'|,gduck8n
313,mtoke8o@simplemachines.org,jM4?hS>PX,mcorden8o
314,hkohlert8p@hud.gov,"yZ1,EsgU2Ilt",smacrury8p
315,kpardie8q@last.fm,hB9{3S6xmCjG,lkybbye8q
316,kromagosa8r@apple.com,sW3.2bK'}~,ccrippin8r
317,hisitt8s@jimdo.com,gQ7\`yS4B<,pmadgwich8s
318,eglanister8t@flickr.com,nD2_3E\3lw'b,coboy8t
319,cmarder8u@independent.co.uk,hS5_9aSINX8E|5,sdemare8u
320,coshiel8v@rediff.com,xQ1(M}1dyy!}n<,mbartleet8v
321,mmacmenamin8w@elegantthemes.com,bM5|8fD`#,pmahaddy8w
322,ireisenstein8x@wix.com,"gG1#93)OMS""_",mdavydoch8x
323,dskahill8y@sfgate.com,"wB1,)RGYeS?FJ8U",whars8y
324,frudram8z@rambler.ru,"pL7=|f`X1,#_ntc",gbarrus8z
325,bhatt90@wikia.com,vX6*7?(>i,gchaperlin90
326,tpollastro91@whitehouse.gov,"eE3""37?=J80b'",apolsin91
327,rpigford92@chronoengine.com,"cM0,7J=wKv=PQ<",dpenright92
328,wmuselli93@discuz.net,aE4'MtADB$=n,bwyeth93
329,chenryson94@tamu.edu,eH4)>{JJ5Q,kblack94
330,mwanka95@quantcast.com,yY9%fRU30,kverrechia95
331,cchadburn96@imgur.com,"cJ3""@c*uD3~f.T""",epelzer96
332,mhince97@hud.gov,qY5=|7QA\Jesc,mhendrickson97
333,qdunbleton98@sohu.com,yP7%US@gxe+>,jkingscote98
334,rcrollman99@answers.com,nP1/cY?Zr,rtomkin99
335,crodson9a@ameblo.jp,xM5=Q)4z|,ptym9a
336,orosebotham9b@themeforest.net,"sG2,k<9%>WY#r",mmacelroy9b
337,mgerwood9c@hp.com,iY3@u`3s(n,eaubrey9c
338,phulbert9d@cam.ac.uk,zV9{+|<6Y#62,noley9d
339,hpridden9e@hugedomains.com,gE2{GM#NW_0ttR,rmckeevers9e
340,dromaynes9f@odnoklassniki.ru,"kF6},*!B7BWl|",kleate9f
341,mamanger9g@diigo.com,"kG5',1#|Inmmh6?9",ybruntjen9g
342,afareweather9h@mlb.com,oX0'?!8/$h?{,hfaulds9h
343,vwines9i@newyorker.com,fR3@J>@Fme6ucN,akirimaa9i
344,vmcalpin9j@house.gov,aG3($Hs/+OR1`I,ibramhall9j
345,izamorano9k@tripadvisor.com,oY1>L<i*l#,sadelberg9k
346,alochet9l@macromedia.com,rL4$<${KhW#HzUL,smacquist9l
347,bmaccafferky9m@yahoo.co.jp,tH7+QsriHBc\8,aleverson9m
348,sdicey9n@msu.edu,"kD3(ra*,dEmZ",cwillimot9n
349,wrosier9o@quantcast.com,oD0`e9eLG5,tbridat9o
350,otucknutt9p@t-online.de,dQ0?jenN,sjaggers9p
351,mchieco9q@multiply.com,dO5$uy.(rj3ia,lalleyne9q
352,cvedekhov9r@google.ru,nS6@KwAIp)5ecPh{,mvalentelli9r
353,cbarley9s@ezinearticles.com,qW9|LCF6SDcH\,jklemke9s
354,hpurse9t@sohu.com,tN3}14MEHgGX5Zw#,hjanata9t
355,vhirsch9u@de.vu,"iI1+aa*hK3@H=,w",bcarnson9u
356,wmair9v@msn.com,"bA4&iV,nu=Pf",aerrett9v
357,nandrieux9w@bandcamp.com,pJ4+7Sl+N&J,esexty9w
358,hvella9x@ebay.com,pQ7=n!}A*%E,ustangel9x
359,rivain9y@purevolume.com,qW7~!bk$da,bjereatt9y
360,dgendrich9z@latimes.com,gP0_GfZWrC,bdunnett9z
361,kspenclaya0@hugedomains.com,sX6#)Fr$al,gheindricha0
362,amaddrella1@fc2.com,xN5)3}r6aUwSRC4@,gvickressa1
363,clippiatta2@ucla.edu,oJ7_XapWE3v2tsrp,gtodaroa2
364,gtiddera3@google.com.br,rZ7$~D.X>4K1w7,kbradshawa3
365,kserchwella4@prnewswire.com,yM3(+/u@#,mgarbotta4
366,dwillettsa5@mediafire.com,pL4%hz(z$54,cciobotaroa5
367,tmurphya6@huffingtonpost.com,vR2@&Dk\\v2|Zw,alintalla6
368,erolingsona7@youtu.be,lI7~R'bR4,thaygreena7
369,ssellena8@google.it,dB5%jopHRGzggPlS,egildera8
370,bdufaura9@ehow.com,"sY8<w>V03_""p",vpetrulisa9
371,cmartillaa@slashdot.org,gW6|%yxm'!,abalsdoneaa
372,cbloomerab@huffingtonpost.com,rC9>a$YAl,tjakubovitchab
373,estandbrookac@paypal.com,fA7~|Aw(,ppottesac
374,bthoresbyad@slate.com,jX2\)66Dx&y,ohandrikad
375,wfennickae@freewebs.com,vK2(_@csZ~vW=,bdeaguirreae
376,rbenazetaf@answers.com,"iU6$WM(|,m9&o0""D",einceaf
377,nlendenag@csmonitor.com,yI5}$G4uaXf(F5jB,pstqueintainag
378,blanahanah@usatoday.com,"qE3,sYlA@V465",mmedleyah
379,rheimsai@miibeian.gov.cn,dN4=!vQB.8mcU,hrattenberieai
380,ccesaricaj@engadget.com,"uB9=P/,PwTZ",smixteraj
381,gmchirrieak@sitemeter.com,cU5(ki\Qz/,bchasenak
382,jsteinal@bluehost.com,zD8$0Y+Bu*Elx7E$,dginsieal
383,apescudam@nps.gov,zN2}=).7,gchaliceam
384,agrigsonan@163.com,cZ1\SK`UA',gfoakesan
385,sbloorao@guardian.co.uk,vJ4%N~l0,cstychao
386,moffillap@meetup.com,dH6(h|g(k{,whabbijamap
387,ldowtryaq@usatoday.com,vY7`qS='ja,clilleaq
388,rfanear@blogspot.com,"vE4/Ar<,!SgE@9mZ",nchecchiar
389,kduerdinas@ox.ac.uk,lS9{h!dv@#'?`nV,dtelferas
390,rsheeranat@bandcamp.com,"qN0,Y3(.F.6kwp",cforberat
391,qseallyau@360.cn,xY2'k%wzvX23,lloyleyau
392,cdaubyav@ca.gov,iF5{i'|lb6{,ipackhamav
393,crannaw@zimbio.com,cE1\Yw8D!,ogilliganaw
394,slyptradeax@sakura.ne.jp,lZ1@c~>.$K,gsemberax
395,cbatteray@blogtalkradio.com,qK6>WEL1$W,dhatliffay
396,ocopeaz@bizjournals.com,xQ5%qbIt*l,aadamovskyaz
397,svowellb0@webs.com,"hI1@4{""'|i'",ymonteithb0
398,mcampanab1@shutterfly.com,mI8#zk02.+)),rpautotb1
399,scrockettb2@yelp.com,sG6#@.)S,jswindleb2
400,bbackhouseb3@usgs.gov,gU8}L`5)aD{o?,kgrosvenerb3
401,gbulliventb4@nature.com,dJ4+oQ}oi,mcattellb4
402,gbaudryb5@privacy.gov.au,sV3|1USmIL?}Oi5(,ngaucherb5
403,vbladesb6@webnode.com,xR8>@r}oB,jcurlessb6
404,rpassmanb7@github.com,fK5@('UTURHHSd,sthumimb7
405,hmelloib8@lulu.com,eS7'@`5AdsfC?,bmeaddowcroftb8
406,ograsonb9@booking.com,nT8)k$2.6,rdantuonib9
407,rkeavyba@shareasale.com,uV2.1\TN>b17O~yH,bvanderbaarenba
408,jilettbb@wikimedia.org,dB8`ol8nxi%7CC,sceaserbb
409,vhoffmannbc@ucoz.ru,"sD4(,)Q?",mcadneybc
410,eduffilbd@marketwatch.com,xF0.=!xZx?<,epeedellbd
411,mbesemerbe@buzzfeed.com,yZ8~9kivM$s!,mwartersbe
412,lpegrumbf@scientificamerican.com,"dN9""q{eD3ngU9}O",gimmbf
413,ghumberbg@baidu.com,"oI3&Vh2""",ftomblesonbg
414,aspurrbh@mayoclinic.com,"jY7_jj4""+4Y)KJ",cletertrebh
415,mtaffebi@surveymonkey.com,"wA9$g7x>6!m""",ncarnoghanbi
416,gfarleighbj@de.vu,mE8<'4i?kyt4kM,vbrauntonbj
417,jrosenfarbbk@rakuten.co.jp,"fD4#""pPm{r`9j3Kf",mcorroyerbk
418,rsimoncinibl@de.vu,"cK9{mj,wg$L(XYLa",sbourdicebl
419,wricciobm@globo.com,rB9$N!l_}rL4Ht,emacgillivraybm
420,cnorthillbn@wiley.com,uY9<7s\qgV!._'&,bsilkstonbn
421,packermannbo@berkeley.edu,cP9>k<`nn@32S<\Z,bgilvearbo
422,fsmeedbp@google.ca,pV4&G$O@oL3p\TT,mcrimpbp
423,wrossobq@va.gov,"aG6\xtQ_C""uL",jamorbq
424,hschmidtbr@irs.gov,"kI4@sG,Rpq{Uw%4",drickabybr
425,gokeevanbs@aboutads.info,rW4=@2j(3&56t*q%,dgosneybs
426,emcvittiebt@timesonline.co.uk,"lT7{s\D""o",lcorradettibt
427,bnarramorbu@nsw.gov.au,vA0<@M\'%,rsilcoxbu
428,mcannanbv@sitemeter.com,qE5+DHY(51B=n?,fkennanbv
429,ddalmeidabw@eventbrite.com,mB1$N}y@8Y}g&,echealesbw
430,gmcmakinbx@mac.com,"wR8!""u.3>Q#t",qpigfordbx
431,mguillardby@amazon.co.uk,yR3!dvryq,mtennickby
432,nmullinsbz@netscape.com,qO0#WSIsv%}qO,ahoggettsbz
433,chatliffc0@shop-pro.jp,nL0=SpD89sh1C,rvoasc0
434,cpargetterc1@gnu.org,"wH6,X57#a5heL>",mfritterc1
435,mconellyc2@hatena.ne.jp,qL2@'TX5BT,mjoirisc2
436,ajouenc3@creativecommons.org,kT7>@/E(@0I',ihoffmannc3
437,iseresc4@mlb.com,eF5(8Fm2,mmillhousec4
438,alimrickc5@noaa.gov,wE5+~7y>\>U//,mluggarc5
439,dmowerc6@ebay.co.uk,"gV3,+F5\v"".",jbollesc6
440,rtraicec7@tamu.edu,"fF4""\{#d",scrissilc7
441,jpardiec8@ucoz.com,mV0&I?|$u,bkintishc8
442,ecayzerc9@sitemeter.com,fV3&Q(I/,kstollenbeckc9
443,bcaugheyca@latimes.com,yM2<7(j)Dj,mkeeneca
444,fbulcroftcb@twitpic.com,"wN9{""KEXjvg!){",bfinckecb
445,lcandelincc@sciencedaily.com,sA0>irnhn/,rdorancc
446,bcusackcd@europa.eu,cD4@teW+P.ck,fyeskovcd
447,akeerce@istockphoto.com,lD7>d{2l~dL,oswinglehurstce
448,alawfulcf@sohu.com,dN7|nE9Kl,lfranzcf
449,sstoddartcg@msn.com,dX5@Ut67i,qpottagecg
450,tbrackenridgech@ycombinator.com,jO2>buO<o()aI,fscullardch
451,ithrowerci@zimbio.com,wJ6><pr\,jbrennanci
452,ccatocj@nps.gov,"mO9,(iz2fu",sarghentcj
453,plinningck@uiuc.edu,"hC4""w+0gUAC'M,c",jdewberryck
454,jchalkercl@va.gov,"yS6,~h<oD|sTed<",ebaruscl
455,asimcoxcm@abc.net.au,"dG8(U""94",tbloxholmcm
456,eeldoncn@over-blog.com,jH8!0eUD5,pverriourcn
457,mburberryco@slideshare.net,jI5$&msI1%}}_Z,mtwelveco
458,showbrookcp@github.com,eX6'YPXtsj,sbraneycp
459,jalleyncq@instagram.com,sF3=l%q5EE,tbertolaccinicq
460,agilfordcr@nationalgeographic.com,hA4`VB7C,jmarcqcr
461,dpietrzykcs@auda.org.au,"zA1|TmCPLX~,u?",cconstantinecs
462,borpinct@networksolutions.com,"zW6(""J!PeU>P",llatekct
463,akyddcu@home.pl,"tH8+)bjV1m""v'1",lshepstonecu
464,rflemyngcv@microsoft.com,yL7_=}m9,gmanghamcv
465,cmarcuscw@themeforest.net,cZ0>&?.Yiw??Zb,dghostcw
466,dbraddockcx@upenn.edu,yR5}|#kC0JXZo,lpenchencx
467,ahansodcy@google.pl,lN9/TwuaUZ,kkikkecy
468,mgodrichcz@kickstarter.com,wY7_y>}QY,ttiddemancz
469,dmccluned0@cloudflare.com,rG7?$VM#i7(RJ2B,evillaretd0
470,lhowarthd1@pinterest.com,uQ2`u+9v,reggletond1
471,dtingeyd2@ed.gov,"kL1@""WP3{",phearnahd2
472,pohannigand3@blogger.com,xF5?KfxqGH`,amartinellid3
473,ahalworthd4@mapquest.com,"hR4@%""a""cs",stolld4
474,velcombd5@prnewswire.com,"cS1""M2vQ9%%)wt\i",ggiamellid5
475,mkyteleyd6@about.com,mY5|G?$2E,kdesquesnesd6
476,kcursond7@smugmug.com,"uH0""nrxa",skondratenkod7
477,mmethleyd8@linkedin.com,lQ3+9`~$,sgoodband8
478,drawlingsd9@dailymail.co.uk,"vG9,adUZ)5y/$",tputtend9
479,bhessentalerda@miitbeian.gov.cn,"gD3,qs(blN5b+GTJ",ksurrda
480,cgoldspinkdb@blogtalkradio.com,cA2@l$PM=Ra,ldayshdb
481,dshimonydc@pbs.org,"aR1}{JFuE""G{2F+""",ehusseydc
482,hfinlasondd@last.fm,yN5(zZQR,eloudiandd
483,rglawsopde@bizjournals.com,uU4$Sjv_((%ukG,agregorattide
484,astaresdf@msu.edu,"bB4(Q~Rz|""Q",fbrunsdendf
485,dgoosedg@tmall.com,"gN1}8jgS4/E(!""",cblindmanndg
486,ydadedh@springer.com,vR2=Ms8gTUDHR|Q,tbedderdh
487,vcowburndi@odnoklassniki.ru,mG6.k`ec#}k,sbravendi
488,udifranceschidj@engadget.com,tF3.8RZ`,bmacgormandj
489,fmanjindk@comcast.net,dF4!)>#Lx,sstemsondk
490,cpartletondl@aol.com,eM7!CWw.,mfreiredl
491,mgabbidondm@exblog.jp,eT2.*Jg#p`WV,imytondm
492,vstuttedn@nsw.gov.au,eI2>?2X*c,arosenbuschdn
493,mviviando@imgur.com,wT3\\!`9}y<\,arobilartdo
494,vsackerdp@spiegel.de,"bP3%,)4|CDQ`q",nattydp
495,lwhinesdq@technorati.com,zE9$hB}q%\D,ceighteendq
496,tcongdondr@xrea.com,jB8%)ZpI*>~sdHg~,knobrigadr
497,fmcclintonds@google.de,cE9)6gPwK'7yFm,ckuhntds
498,bironsdt@chron.com,hM3~Z\YMM}C,zruppeldt
499,kgilliondu@forbes.com,eM2=}b{GFS{~,dstaddondu
500,mbrissendendv@bloglovin.com,uX7.Z{f/)n$a#?cw,plisimoredv
501,hgarlantdw@yolasite.com,"oN1*""W=3Pk.L",tfranscionidw
502,rperchdx@dailymotion.com,xP1>!VI|Z~?Um,hhamerdx
503,cmaccallesterdy@opera.com,cO3+>'EQcYgCcn0,ghollerindy
504,zroumierdz@huffingtonpost.com,"pZ7""0+1r`cRn&A|",famiabledz
505,hhunne0@washington.edu,aZ6_ygr3!k,kfarmiloee0
506,aheathcoate1@w3.org,lS9`)A<?de`J,stumpanee1
507,rfaerse2@sogou.com,"mC3}US,x1",cgeraulde2
508,cmcorkile3@hc360.com,fS3&3QP(T,wgarbare3
509,layree4@google.com.br,dH6*d#rJjx2r*B,vdurrancee4
510,opogge5@ehow.com,"dS1'<m,""7",healese5
511,gskeermere6@cdc.gov,hF5\WtP}MF,tenstene6
512,ashubothame7@theglobeandmail.com,wU3%Z*HB1,wbatstonee7
513,trichlye8@mozilla.org,dW1|`o{1D3'@P=9,hmcivore8
514,ebustine9@altervista.org,gK4=i%$pm(qBd,rjenickee9
515,ywillersea@facebook.com,oL9$&3t3?'S,ssinfieldea
516,pmcnabbeb@hud.gov,zU7~0$#t2w&pM,ilaureteb
517,tmatthewsec@businessinsider.com,sL9/uLIfB\FCe,bbushrodec
518,jdavenhilled@com.com,"kR3(%byQ3}""`",sroggersed
519,abazyletsee@omniture.com,"iF5*COU'OyY""Kb",atejadaee
520,kfordef@dropbox.com,uF0&Y=/@8hO!>J,kchristescuef
521,bsenogleseg@amazon.com,mS6#RGU.U,jgrishakoveg
522,kcredlandeh@moonfruit.com,gN5))Xtmod`/)T@E,tmacdermotteh
523,eiglesiasei@com.com,vJ9%aomR,ptraytonei
524,sgreweej@sciencedirect.com,"zK6,?l,T}",oblestej
525,khallerek@constantcontact.com,wT1!+0Wz5wE2Of,bvaulsek
526,ttrythallel@mashable.com,lJ0)}4E?,mmuggeridgeel
527,mturbatem@timesonline.co.uk,hX6+LK`*2o53%qt\,estollenbeckerem
528,cludeen@eepurl.com,uA8!On5(wiB,rhowsen
529,eaccombeo@amazon.co.uk,jD9_#PG<#,hdaffeyeo
530,rbiskupekep@webnode.com,hS8+!45R.r42_bZ,mdysterep
531,bfieldeneq@time.com,"mD4,LPAxsuDp",egreenleafeq
532,kcamidgeer@mlb.com,"pW3,'4XOl'A\L",santonoczyker
533,opiniures@unc.edu,tT7$pRzc?8V|,dmecoes
534,wbotterellet@loc.gov,"kX0>aL""1T<{{xa",damyet
535,rlevertoneu@scientificamerican.com,kT9>$fMCVJ,ssisslandeu
536,ckelmereev@netvibes.com,"jH6,P*,{mnb1e",rgarrodev
537,hfreezerew@japanpost.jp,mN9)?j7_0S~}>,dmanneringew
538,mtrinderex@bandcamp.com,gB5}v.&OV>hJqDD,rpetcheyex
539,kcoullingey@infoseek.co.jp,gS1*Jd5#C5<,jrebbeckey
540,dtimnyez@netlog.com,hB2}I6\j#1b,cgeindreez
541,ebruntf0@answers.com,xX1|5?uO,ecatchesidef0
542,mbascombf1@businessinsider.com,"lJ0@+S""'.FZz!td",tbernhardssonf1
543,pcraikerf2@ft.com,fS8/j4q7l,cdickonsf2
544,udenziloef3@google.it,"eL6%""Jdn><p",obraunef3
545,glingef4@vk.com,yG3#>m>)t*,lllopisf4
546,ptruemanf5@livejournal.com,kE4)iF5{XJJ(W,wcrossfeldf5
547,ecrankef6@google.ru,bX7{lnfu!r{NL1l1,cstappardf6
548,msandsf7@nydailynews.com,"oX8,BQZT",gdiluciaf7
549,lwolseleyf8@newyorker.com,tJ0.2WJ<Os\ZUL9,bpaskerfulf8
550,vdermotf9@timesonline.co.uk,"qR1&,`SX(J/yGy",gsouthcombef9
551,acuestafa@godaddy.com,gU4\uFs2|AJ2%4_,tcastanhofa
552,ncalverleyfb@hatena.ne.jp,iK2|\u)/U/Z')nqa,pgliddenfb
553,sbuckleighfc@businessweek.com,rG8|l~@+,mbellanyfc
554,sbilbrookfd@globo.com,"wS5.c~l?""l${y",jgatissfd
555,mcloughfe@usatoday.com,mT0!gro4L6Ha,hdukefe
556,rparsonsff@narod.ru,mK3)wIn9,arieflinff
557,pdanilenkofg@ucoz.com,dB0%l3Vk%I,cbatistellifg
558,lsandesfh@blogtalkradio.com,rJ2\NBTi_n,nclarsonfh
559,nclaptonfi@livejournal.com,eJ4?$=$AvNma/xR,aizenfi
560,dzorzinifj@irs.gov,"pO4/P3M9""O?79",lhaackerfj
561,ecrosterfk@washington.edu,"bW0>""6W8N(.6RzJC",gyandellfk
562,rwaldingfl@webs.com,pQ1{W!G`fkki4u,dlowdyanefl
563,fmunroefm@wufoo.com,dE2+\`HSF`iP%Hq,rwhiteoakfm
564,kdzenisenkafn@pen.io,mM0<e)EBJKq,dhousamfn
565,cgiblinfo@adobe.com,hL0@{?.YBTs,rbeneytofo
566,cducastelfp@zimbio.com,cP8.SYb=4iWS\ZQu,hklimkinfp
567,marmfirldfq@1und1.de,"eQ1$m=,#(}r(#kQ",vlabrowfq
568,lmoralfr@slashdot.org,nV0_`VtPz0wsxMxa,fradsdalefr
569,sderuggierofs@forbes.com,"yM7*.?,J",pgallahuefs
570,abraybrookesft@topsy.com,fR5?$0GTRu66}!,mprescottft
571,caltonfu@cocolog-nifty.com,eN3/#jp56,jrohanfu
572,lgratlandfv@360.cn,zF9{N?v=_r,kjadosfv
573,achecofw@cdc.gov,mW5`zbWdXHyWVcg,gpinarefw
574,sscriverfx@symantec.com,pW1'\4)+83,ttimoneyfx
575,cbalfourfy@umn.edu,dZ7}obpJS3S4,mfitzgeorgefy
576,ztittfz@jigsy.com,kM4{}.'8&Urd,akuhlmeyfz
577,ehauxleyg0@ed.gov,nR6%Yb?p!}_,togborng0
578,jclilverdg1@engadget.com,fZ9~Ukj_IhYG,klorenzettig1
579,gkeldg2@elegantthemes.com,oY0$BS8FY~`q,kpostang2
580,mkennhamg3@mashable.com,mZ2!wPaw%6.Fg8W,stackettg3
581,jkobpalg4@pinterest.com,lC5.}#2(p}g,ymossong4
582,jkevaneg5@prnewswire.com,"uS5""h@B<i"".BI~&E",hattowg5
583,mirving6@angelfire.com,pF9/WMa4l,holeaghamg6
584,hcastanedag7@hexun.com,dX2$lEcr,sclenchg7
585,cschechterg8@google.com.au,zD9>Piokk5b+Bh,hchstneyg8
586,cginnellg9@auda.org.au,"mH7""Hp_YgH#",mbranchg9
587,dmccobbga@ed.gov,dK5\)Llu,cgliddonga
588,ccotgravegb@wsj.com,"gA1""'OPA",msummersidegb
589,mpreddygc@bbb.org,"uR0>,t9kx",bjobeygc
590,dshovelingd@amazon.co.jp,mE5/X7(>p#Z,rgoadbygd
591,hdoumerquege@whitehouse.gov,"kW2(!,~`_0B5gt{",sswansburyge
592,jtumilitygf@time.com,"kQ4,9>\?o)`(vt",mdebellgf
593,smcmakingg@irs.gov,cH9_B}tjV?@,yrennlesgg
594,cberfootgh@printfriendly.com,"tG1)!7?""a6,8Lp@",mminerdogh
595,kshatliffgi@ebay.co.uk,fY0*jBi\,kmattosoffgi
596,hellerkergj@independent.co.uk,mQ8.X>@0qawaR,jmoldengj
597,bstanwaygk@arstechnica.com,rT8<gkDw_m7!TK,wvaughangk
598,cconnettgl@miibeian.gov.cn,sZ9#)*w?@fiD>oO,sbrunogl
599,ctwidellgm@ftc.gov,hS7$XokO99*YPoo%,aburstowgm
600,adwerryhousegn@google.co.jp,uK4!Q4?qGT=B,cchatfieldgn
601,cjowersgo@example.com,"bT5)Q@obBHX""",jshadfourthgo
602,jsalzbergergp@hostgator.com,dX3~S}<07nSfv/8,bhearstgp
603,asavagegq@reference.com,"oN6,N@hDv&9pW,",cleegq
604,tjouengr@wikimedia.org,oV0{&=Ea?vL.O,gbittertongr
605,osacasegs@phpbb.com,nU6`JGj6G<,cbelleegs
606,whuccabygt@utexas.edu,xQ5>AW33Q=J#U|,acoppockgt
607,estearnesgu@microsoft.com,xJ8`rPCr0rV),ngiovaniziogu
608,kcrundengv@nps.gov,"tV7/mI\,w\_",iledgistergv
609,skibblegw@furl.net,mH1`y6UYYjx,cstancergw
610,lbramstomgx@cam.ac.uk,yX4&B&SAfENDU6Cs,mduxbarrygx
611,dleborgnegy@huffingtonpost.com,yO9+xD5}sE~_,evasilenkogy
612,dregigz@joomla.org,aO7?Y7w~nWwq,jjodrellegz
613,pqusklayh0@cornell.edu,vB1>$4M}gtb,nkingswoodh0
614,sobroganeh1@over-blog.com,wI6)@B=a<+Pk,jhurdissh1
615,lvergoh2@europa.eu,"tK7"".8O""OZJV?2y#",emershh2
616,testeh3@nymag.com,hK9/|Fbr}BQ,dvelteh3
617,mzannih4@creativecommons.org,iU0}2V6f4nJM7mv,vzannettih4
618,tcomellinih5@independent.co.uk,wZ3_Rk?xaLNG6G,aneillyh5
619,ndeansh6@parallels.com,hJ0=A4EV>B8?,atombletth6
620,rrichardssonh7@vinaora.com,"hG3"".w\0?89|\m{&",jbustonh7
621,kbloodwortheh8@privacy.gov.au,jH3>lSWV,pmaniloh8
622,jberzonsh9@nydailynews.com,"yY8)@mChf7jt""\",rmcrobertsh9
623,hmilellaha@tumblr.com,sU2'O)YBLGcN2,sthompsonha
624,ogormanhb@themeforest.net,xL3&TEme!Gb5CZtP,bpollehb
625,kpetkovichc@fc2.com,cC9'}TGR`H,ssonscheinhc
626,lthumimhd@ask.com,kH4|L9DHuM%!bnK,isaxonhd
627,gearsmanhe@umn.edu,fT2!DN{cI5Jp2/,jspeedinghe
628,cdorianhf@discuz.net,"hP8)IW""nxrh",abaackhf
629,gcollocotthg@jimdo.com,"oM5.#""y(",rlochethg
630,ebrosinihh@soundcloud.com,lH3=+@R1s{3U~iAa,lfyneshh
631,bosharkeyhi@php.net,kZ1_h}@vYp'rYBhe,hplevenhi
632,kcrockethj@phoca.cz,yI3%J0{cW2|`,dlashmarhj
633,ecamoushk@is.gd,cE3=ubX8nn<82pn,gspaighthk
634,cbaracloughhl@tamu.edu,yL2)At_$,bbeethl
635,trennehm@fema.gov,wL6~1X&x,dkondratyukhm
636,bmageehn@cpanel.net,hT0)VXc()S}.o,tlucianohn
637,bdinwoodieho@google.com.hk,gQ8!Z&21S,hchealho
638,tpardyhp@sun.com,vE3.i/XD7h*`=&T?,cmckeevershp
639,rcollyearhq@youtube.com,kR4|V6!0G`6=DX|,zpougherhq
640,fbrockwellhr@hp.com,zS9}+fn=wc|)bL,mbotrighthr
641,mbinhamhs@howstuffworks.com,wN8%8H+/Mi,djankohs
642,mbenionht@omniture.com,lO2>GFUx%/I9<,scatlinht
643,gwallworkehu@i2i.jp,uT0@__'9IRLm,nokeeffehu
644,ncayzerhv@princeton.edu,tP3/$cHnFP,tcoulthursthv
645,msimeonovhw@europa.eu,lO1}}Nyn*n',aluciahw
646,nroulstonhx@hp.com,cW3.L(P},pruffeyhx
647,tthebeauhy@adobe.com,"cD9/HX<<Sv(""vDE",browcliffehy
648,kheinerthz@360.cn,jN8(2i+ao\<5q_,fpreshawhz
649,edelcastelloi0@g.co,"iN8~U1""Q",sgirogettii0
650,wwapplingtoni1@cam.ac.uk,cH7'#/a6m`&<,jsebrooki1
651,oaldhousei2@cyberchimps.com,"nZ5""?7Lf6+1",kgirvani2
652,jbehningi3@parallels.com,xN4(8D}uxEqJ,cjerromi3
653,apennielli4@about.com,dK3'(FkaK0Hgeu&j,nlisamorei4
654,fcallardi5@phoca.cz,gR8*7YBZT2p`bCM,ahowleyi5
655,ccrookshanksi6@rambler.ru,kN5_4KNH8.ZX,mcheavini6
656,jtomankowskii7@hostgator.com,"xG7,?&6v{{PAnn@O",besmondi7
657,gantragi8@facebook.com,rG9$=|kRkSC?O,llicciardii8
658,mmawsoni9@nyu.edu,yM5@|itdirw6Gu,snovisi9
659,feileria@statcounter.com,lY5>SXkUf'&O|4rU,kseveria
660,hkiteib@cmu.edu,uH1&6\62l>}AR,whiomib
661,edarraghic@bbc.co.uk,pA8/S<4l,bminelliic
662,kmellandid@skype.com,oK9(&b9J$,apopeid
663,aballeineie@youtube.com,"xB6+uyaV1o""Otz>",koduaneie
664,dmatesif@sbwire.com,zR1?XDiI,cfritzerif
665,spellantig@merriam-webster.com,bP1.@a_PZs=7+,ktempestig
666,cstantonih@fotki.com,lD2`ue*a~3aoxJ4,hleggonih
667,ckitchasideii@ning.com,xO4|261EnPQ?,ndonlonii
668,jkirkpatrickij@cocolog-nifty.com,"pE3""7+0!(",ringlisij
669,oiwaszkiewiczik@indiatimes.com,"vO1@_9,?",jtorfinik
670,bstanesil@state.tx.us,nH5\Nh%m/|Hgt,gemmanueleil
671,cayreim@shareasale.com,gQ4_FMQNqYqfH,tpolinim
672,lgrishinin@squarespace.com,"yL8<S<|n""=o",mbydawayin
673,pstirgessio@joomla.org,pB3\Q*42paon,rromaynio
674,cmatthesiusip@wordpress.org,lL5_4w9F.*`zKH,tdensellip
675,emcgarahaniq@bigcartel.com,rO8{CwH@rME,dmuntiq
676,gcesconir@cmu.edu,kG5+LjdB<m,kgilliseir
677,dnosworthyis@cbslocal.com,kX6=aKfx#j)K1W,wchstneyis
678,jadamovitzit@skyrock.com,zS6~6V7?VULs,ttuberfieldit
679,dbirtwisleiu@dailymail.co.uk,kB0@z2TlonGKiI)\,rhampsteadiu
680,razemariv@phpbb.com,tY2=i1iJ|u<&(,eshilladayiv
681,rarelesiw@wsj.com,oH7*w}I@mxkd,mkimmittiw
682,kglentonix@tmall.com,rT3<o@CH@kO,cgazeix
683,crubertelliiy@google.co.uk,zP1/cLw#L$jx,pmaccoughaniy
684,askippeniz@sina.com.cn,"eQ5)z|}/""4yZ",cdyneiz
685,hsalternj0@odnoklassniki.ru,oI5'3MTRu8\2|ZO,lcholertonj0
686,ykenwortheyj1@stanford.edu,nH9!Zf|OhqzXF&{0,mbinglej1
687,wtrokerj2@shutterfly.com,fA8|?4fG+biv,mgreatbankj2
688,bborringtonj3@intel.com,vB3/y}J$hanW_$*,hellesworthj3
689,mconnj4@wunderground.com,dF7|tOpRbY,dreveyj4
690,mkenratj5@salon.com,dY1*U'VV(,iszreterj5
691,apanej6@macromedia.com,qM9\wuoI,jdoalej6
692,rvobesj7@gov.uk,kV4.xY>0FikF?,jbruffellj7
693,mwhellamsj8@merriam-webster.com,"bN9#U{wVr""(Eq!~",astenningsj8
694,gmordecaij9@spotify.com,aZ7_K1(0A6>\x,ifilipiakj9
695,jobrianja@etsy.com,kZ4@H\'C~f,mdavallja
696,ehawkswoodjb@chronoengine.com,dP1<tk`BbPzv,horoanjb
697,cphilipeaujc@squarespace.com,nJ8&'q_dP1,yinnottjc
698,jspilstedjd@sciencedirect.com,cV9!h4iV<7N>,rschimkejd
699,eoheneghanje@sourceforge.net,rN6+Bi2L,hpyrkeje
700,ukitherjf@google.cn,"jB8*b1,swksOZ",ggunnjf
701,yimlochjg@economist.com,pE6*rM=lyej9/m+L,cbartelsjg
702,philldropjh@weebly.com,nH5%y5|9~,dbartolinijh
703,fogormanji@w3.org,xO2?Q%VOW/~|WiR,mtongji
704,gmolinesjj@netlog.com,"wN9,z#L9k=*x'AE%",ngilloranjj
705,kvasilejk@bloglines.com,mZ9~(uTB5?Ggg,gvennerjk
706,gfortunjl@people.com.cn,lP9}qRD*$Bi@(,tmquhargjl
707,kkennawayjm@yolasite.com,rL1!\nT8,sduddenjm
708,ccullinanejn@printfriendly.com,"gB6,xKyGF(~R\0W",mlindstedtjn
709,sslineyjo@go.com,cX0!ki{?OJ,gopperyjo
710,crevellejp@miitbeian.gov.cn,sA1}}3MV@M6\K4,meatesjp
711,tkirsoppjq@fastcompany.com,gT1`45>9d\,rdanielssonjq
712,blondesboroughjr@cisco.com,iV8(*dS8L#%)b,mpercifulljr
713,mackeroydjs@about.me,qL0@c`2t@AKA,tgodballjs
714,gedmundjt@canalblog.com,pJ1~5z/\57h),belesanderjt
715,cfarloweju@biglobe.ne.jp,yV8>Wlo#?zvUBN,klastyju
716,hbarnesjv@goodreads.com,hE9.O@UDb.}egF%h,lwillougheyjv
717,adouchejw@reference.com,zM9&*2@#rL,jsuffjw
718,sorteaujx@whitehouse.gov,jR9\5l87a,ohearnejx
719,omanusjy@cdbaby.com,sC6\f10!LJD,fmcgraithjy
720,fmacronaldjz@sphinn.com,xS3}!RBA\*F,jwhanneljz
721,mshilitonk0@github.io,pW4|WWJjl,ehixleyk0
722,caseyk1@wisc.edu,"aL8}7""U=h""",smatteolik1
723,pburkittk2@instagram.com,zR7_'C2KA,jrowenk2
724,tsandysk3@army.mil,bS9&d*@T~_,rmatiebek3
725,hkimminsk4@webmd.com,hT8})lZzfA7W,sbattissonk4
726,nduhamelk5@joomla.org,xP9~vIKw,sernkek5
727,srubenovick6@wikimedia.org,vS1<sp*dR`ytN3,mbenedictok6
728,wmcfeatek7@state.gov,"wQ4$Scokq,1VxKXr",nluciank7
729,gsouthworthk8@walmart.com,"tJ8""UVLuq""",eshaughnessyk8
730,cklimkowskik9@kickstarter.com,sX8`Xzzdwz,gmcclymondk9
731,asalzbergka@hud.gov,"vN1&$)gK""~wT9rZl",scleyburnka
732,othrussellkb@statcounter.com,"aO7@""jO\p",mcordallkb
733,ldestouchekc@ox.ac.uk,"mE5""4c6UM,byj?",dfuxmankc
734,dpedgriftkd@nymag.com,"oN1""e!hM{",gleiverskd
735,mhaspineallke@godaddy.com,"xQ6""Z8dO)BcR#H3",khoultonke
736,btodarinikf@sfgate.com,lE4.DTtDO>E,mpellewkf
737,wmedleykg@pcworld.com,bS7'/m\S,rhounsomkg
738,lchislettkh@flavors.me,oI2&F(an_0\,yobraykh
739,wfriendki@mapquest.com,iN4&?Y42#yq/6_*,nricksonki
740,acoodekj@netscape.com,eO8|75Eeb4Tv%,gbeadhamkj
741,owornerkk@yellowbook.com,sQ3?Zb<I+KEnUf,elarvinkk
742,gabdeekl@hexun.com,iX7.mkLcvTsO,anealykl
743,rthiemkm@ed.gov,bF5@L?I'(xU!$awp,imilbournkm
744,zscourgekn@about.me,sM2'(aO*\7n5b`jP,sklausenkn
745,rferranko@wunderground.com,eR1({`IC,lschusterlko
746,nreddankp@bigcartel.com,"hC9'5HRf%,t{Ecp",rcaylekp
747,scruzkq@umn.edu,bT1.DDn2WTOp)e,skolodziejkq
748,rborthramkr@chron.com,aI6)1U=N!le,obenfellkr
749,ckenrickks@dedecms.com,xF5\kFeJLEv,ylavaldeks
750,cstrowlgerkt@networkadvertising.org,"vZ4`%9h~""",pforsterkt
751,rjenkinsku@artisteer.com,sJ5(Z3gc'd=,ogoodanewku
752,dlashleykv@networkadvertising.org,eC8.pLAJs$~Njl@g,jmccalumkv
753,mgrimblekw@mashable.com,aS5+`7#{5gXvpj,emacparlankw
754,sglanderskx@washingtonpost.com,iY6*d%AG,cverdonkx
755,sbeestonky@themeforest.net,mR8)zJ7},idelmonteky
756,mstangelkz@histats.com,yT4>nlV?{<,cleynaghkz
757,rtabourl0@vkontakte.ru,nQ3<`n0!~o3,amicklewrightl0
758,nalpsl1@ted.com,aO5$p}{3px{}%Sd,kbrummittl1
759,htinnerl2@newyorker.com,"hJ6=YC_3""bd$Q",scraythornel2
760,teatl3@independent.co.uk,sW0(8{/#,cempringhaml3
761,kpethybridgel4@so-net.ne.jp,"zP3""3X6uI8+GY`U",barrelll4
762,rsmallmanl5@ifeng.com,bZ0@m5nH,kirvingl5
763,oivimyl6@ustream.tv,iL1?(%_S@e){S>F*,fhungerfordl6
764,loldl7@furl.net,uS0=)1N9,sdaccal7
765,fmeadenl8@kickstarter.com,rC6={'m#8$M,jcrewsl8
766,zsaral9@businesswire.com,"kO6)Y7HaX'HT""I",csvaninil9
767,celdrettla@discovery.com,tZ7>+W%=Re7KY<w<,echadburnla
768,bsyredlb@multiply.com,"gM1,OF4MTiAa",lulyattlb
769,dgreatlandlc@aol.com,yX6&}/Z`(w,rhanniganlc
770,ddolanld@github.io,"hW3}zHH`8z""+>gq~",wwhitleyld
771,hbrotherheadle@wix.com,pX8?_6*p,atardiffle
772,bbidewellf@twitpic.com,"zP9)/f=n1M%f'4N,",chavenhandlf
773,ramnerlg@timesonline.co.uk,aY8?y4Okbu@iI,hcanninglg
774,gmighelilh@storify.com,"xU2?<s""gK""C5Wt!6",bportmanlh
775,bmasdinli@mapquest.com,wN5*5Z0|&$6uSsgF,myesipovli
776,mtattersilllj@tripod.com,vK0@LviAr2<h|#,dhaviklj
777,rgoadlk@oakley.com,zC8%5fPyAyxK,jgeorgilk
778,kbremingll@paginegialle.it,"pN1,/(Ndk4EI<",lmattessenll
779,mnelleslm@sitemeter.com,pE3'MC1Jk,cfeaseylm
780,hauchterlonieln@bluehost.com,lM8$>TN>Hv,mgapperln
781,dnicelo@joomla.org,gT2@c$K.D6,lroderigolo
782,jjahndellp@usa.gov,dN4#&B8B%wW0=%s,gplunkettlp
783,lteliginlq@uiuc.edu,oC2=+{ad)3G,atrolleylq
784,dempletonlr@wix.com,kB2.2dX3EmQfUXT,tparamorelr
785,khintzels@marketwatch.com,"eB2#pLkZ|e#%""tX2",bwhitemanls
786,cjessuplt@accuweather.com,"oN7!xr""t,x",cgawkeslt
787,mwhitenlu@symantec.com,vA8>}SF{d=m!2Q),mfronseklu
788,ephythienlv@netvibes.com,wU6(bjeOv*7sxf}<,handrassylv
789,ntarbattlw@netvibes.com,mX2/NrVy,kpreddlelw
790,tmarzellolx@wikia.com,lL8|F%H+C{,mhansedlx
791,hmacallesterly@cnbc.com,tS2\*G=Zya`4,tmuspratly
792,amottersheadlz@blogtalkradio.com,tM1_3x65XN>7J,mcadlocklz
793,garrom0@nhs.uk,fZ3}Er*oT7,gclouttm0
794,bmulvihillm1@fc2.com,"hW4&#\4P}rP0""_8",smcconachiem1
795,tbuckenhamm2@washington.edu,zS6_q9{fY8=G9rfm,tclymom2
796,lstembridgem3@twitter.com,zC5`$Ys(hUk,wgoulderm3
797,aknutsenm4@disqus.com,"pV3*WUv~qxva,cX""",pbombm4
798,rbrandlim5@weebly.com,"vC2*3&`""",dbalhatchetm5
799,akubelkam6@jiathis.com,tV0)X#vLU,candraschm6
800,fbuttonm7@bing.com,"eA4_X%5$){""G1vD",dtrittamm7
801,wcrollam8@sakura.ne.jp,"rM9+B$DA""u9{,!{",mpallantm8
802,wstovem9@squidoo.com,fC0$UAgLSx{z9,rsturem9
803,cilyasma@printfriendly.com,rK2/vPSX\,aoxfordma
804,tmulqueenymb@eepurl.com,"fY2?PLrP""ZP",schurnmb
805,mhuskemc@si.edu,"vP3,NkIp\x,YdKq?",jedwickemc
806,ccasebornemd@narod.ru,"xU9""tQ9=jwk~QVo",hgildersleevemd
807,cgromleyme@ted.com,gN2''H31OxCO6!@,hjackmanme
808,fbridgmanmf@sciencedirect.com,bK3}tm2m,jcollyearmf
809,kmedcraftmg@nsw.gov.au,gR5*eS`NCJ3tL,ebenesmg
810,jmustoomh@biblegateway.com,"tK4""<m}yM",akannmh
811,zlecountmi@loc.gov,"hW6\Z""{%I",jkeemi
812,bmortonmj@who.int,vM9'yo\Zr/s,rdepinnamj
813,fteggartmk@tuttocitta.it,qK5)U}$y*d=}r,kgoedemk
814,acottierml@topsy.com,mU5>qz!z,cbenthamml
815,efeldbaummm@tumblr.com,"pR0\(%BtQ""",dmeasormm
816,kboakemn@xing.com,"gQ9!,{sAB#dP>B",mfrithmn
817,icathelmo@hexun.com,"wK8""=|vp.",cwindowsmo
818,ldevereump@meetup.com,uK0_Ps0C8_6CGq,nitskovitzmp
819,sjollimanmq@oaic.gov.au,lE5~~OK1'G0O,csouthanmq
820,jhrycekmr@elpais.com,yS8`>7xFJ,jtillymr
821,fscobbiems@ebay.com,cN0=6H%HPrwXB(.,gtunyms
822,halldreadmt@google.co.jp,dY5<\V@5yPR,dlemmersmt
823,dhackleymu@indiegogo.com,xP2/OEJ>+XWjGo,dhendermu
824,mswyremv@facebook.com,"kZ5>IMBw""19{<Rq/",tmattonmv
825,rgrigolimw@dell.com,kU6<Ee%6H1e,rdydemw
826,powthwaitemx@sourceforge.net,tX3<w&0G<,mblancmx
827,slochemy@google.es,kU5@DyzaE1Xob*fH,jshirtliffmy
828,jfilinkovmz@digg.com,zY6\uuZ!A=}<&C,gwishkarmz
829,khardenn0@merriam-webster.com,bS6\%'s',hkibblen0
830,cumplebyn1@blogtalkradio.com,qS4`~tqX7z,mbarusn1
831,cboichatn2@washington.edu,"lI7,j6ZLJ",rduhamn2
832,lperigon3@nydailynews.com,qR7~||iXW|h,hboageyn3
833,awhitmann4@cmu.edu,"jA4(""?+`#Oe""~",sdigginn4
834,pwahnern5@msn.com,tU8\MknlA6&YGB,gpohlakn5
835,vmcelhinneyn6@reference.com,dO4.e(EVlt(}H,rmuttockn6
836,cmaceveleyn7@blogtalkradio.com,sZ8$%avR,ocannyn7
837,fkosn8@nps.gov,"cV9'""Ib8ZU%",fgamblinn8
838,tsallowayen9@cpanel.net,dI3~ezF(Dlk%<Y,tgrinovn9
839,ushillanna@domainmarket.com,oJ1~|HIc,lalgeona
840,pesparzanb@hugedomains.com,"jX2?sh""#",sfehelynb
841,vduddennc@google.de,sZ9/*S~i?FlTt%,blongfootnc
842,jsouzand@utexas.edu,gK5>YjdXwfNUK`w,bwoollonsnd
843,ggoulbornne@narod.ru,"wC8\W)sn""ARWXmHv",hbohdenne
844,btoderinf@cmu.edu,fX2)i_Z+KU,bhurdwellnf
845,cpetticrewng@hubpages.com,nY3*qcBdsFmv9,gwelbandng
846,wschuttnh@yellowpages.com,iJ9\4?$UI,grottgernh
847,sbaglanni@nytimes.com,xE0+K>VmQ)&|Q{,arylattni
848,aroxburghnj@smugmug.com,wY5+'4nwtW,mdoogannj
849,mwordsleynk@elpais.com,qU4$GZJ(9c,kantatnk
850,stremblotnl@sakura.ne.jp,"fT7""MRo`Z",tbecraftnl
851,migounetnm@fastcompany.com,dH1>~E7`.,jstoreynm
852,gganifordnn@digg.com,zR9?B_7(G?Y.V,hmacnockaternn
853,dfowldsno@utexas.edu,lS4#L&hD\.D6,ocromlyno
854,hbennellicknp@drupal.org,mF8++*32`tmV1,pmcgeraghtynp
855,nportlocknq@epa.gov,"qJ2,r""sZUsvx&Kv",amunningnq
856,rhouchinnr@macromedia.com,bD8&m_u*aJ/Z_JL?,hpaddennr
857,efachens@bing.com,fE8@GfV}X0'WR,hcuthbertsonns
858,dgrevesonnt@reference.com,vG2?8XUfvu,llakeynt
859,abrahmernu@amazon.de,fN4`a}sE&=d&,diacoviellinu
860,avaennv@springer.com,kO6/8@a=?'(,mskillingsnv
861,sdawidowskynw@redcross.org,zO9@Rsrs8a{,gberannw
862,amccasternx@nba.com,"zV4#zen""oU(o",pmardlenx
863,blambartonny@baidu.com,"dP0.DQfg""i#}",ahazleyny
864,bjansennz@bloglines.com,"iU1)A3L,,h",apeattnz
865,mpennicardo0@berkeley.edu,yE8'x+&<$>rqt,gairso0
866,wbarringero1@constantcontact.com,pA8.h}+v`N,wcelizo1
867,ffilipchikovo2@reverbnation.com,wC5)U6NaN,esemeradovao2
868,tgiacobonio3@economist.com,fK5}Wk!f,acaleo3
869,lstoppso4@newyorker.com,oP0@=$<.eSRD>Z,aamooreo4
870,nfortho5@privacy.gov.au,"lU1""$OFoSsA",jrauno5
871,elovetto6@hibu.com,tA6|klxG(,gminniso6
872,nreadwingo7@theguardian.com,dY7\dz#_8tww,agorellio7
873,lhusselbeeo8@msn.com,tR2&iX`Xpv<,amandelo8
874,mcrowdeno9@reverbnation.com,zB3(xKW@G(f,jdibdaleo9
875,siacovellioa@symantec.com,pN2_o+0}dK99XOh,alackneroa
876,ebankesob@google.cn,qV2`6FH7`U\6,fclemasob
877,yelderfieldoc@163.com,kD7=8\C|XvmP!{kX,swinwardoc
878,tatkinod@example.com,"wR2$,wgz",dlansberryod
879,garnetoe@google.ru,uK7~GTclmG,wmclemanoe
880,aspieckof@macromedia.com,aJ5>*t4{hH2lQf,cjosselsonof
881,apattendenog@csmonitor.com,tH0)~AqG%jrM9Z+,lmeddowsog
882,enoireloh@ed.gov,yY1&4o!s`s,nchaffoh
883,mredmelloi@spiegel.de,cY5<1}B?QxqBiKv,ipulsfordoi
884,ggoreyoj@bigcartel.com,hC2\_K6S&z9TZe#,ggriersonoj
885,gtomkysok@reuters.com,mF1'Kn?z'C,lyansonok
886,jovendaleol@linkedin.com,dV5=*p(e+yxR`E,cbreretonol
887,mturnockom@nationalgeographic.com,jA4=M(3fHTz9(=0`,mmuirdenom
888,jcoleiroon@bigcartel.com,"fG1""@p*IfR7",yphilippaulton
889,sdrakesoo@vinaora.com,"gT9}agd0""Q,i",lstedelloo
890,hhawthorneop@ifeng.com,gF6.!K{I}L5E0#,rkittlesop
891,snewcomboq@abc.net.au,mJ9<VXx|~Il~KD,bsabyoq
892,iducarneor@cbslocal.com,uE6@ixPa<YgN`YRE,rmillingtonor
893,ikenneros@usnews.com,mD2'><m&Vuk,mdightos
894,mbenediktssonot@twitpic.com,yB1|IhsplLE)%,btrewinot
895,mjarvilleou@techcrunch.com,xW4=}mTBO(,gwhaymanou
896,cmckellarov@instagram.com,pX1#gWE&p$ybVpj,jlemaitreov
897,jgalloow@clickbank.net,fL9.soy9Rc,jgoodhandow
898,tsichardtox@lulu.com,nL6#bLGIDX,growlinox
899,amaclardieoy@auda.org.au,dV2(K0s5,jconochieoy
900,achazieroz@noaa.gov,"bH5"".u|KiDg",tblizardoz
901,sscarrp0@theglobeandmail.com,mJ8)&NM1BpC,catteridgep0
902,ckennifickp1@about.me,yL3|0mm0PpH5,aivanikovp1
903,kchisnellp2@newyorker.com,bU2/<xaK8X=DE$,jvirginp2
904,rlemeryp3@ovh.net,"mI5#6S~R(CM""",rfruishp3
905,hbehnp4@opensource.org,"hI3,""TxZEZpZg",jframptonp4
906,slepoidevinp5@a8.net,bO5%wh@GU|{`g89y,adabneyp5
907,jwiskerp6@earthlink.net,kS0|*rW!,athrowerp6
908,adunridgep7@hc360.com,hQ5${#&z'.,rlevingsp7
909,rmccaugheyp8@nbcnews.com,hR2$2%@Df28hIp0,dbertenshawp8
910,acopsp9@fema.gov,oG7\*~Os`4M~tdfY,everginep9
911,vwishartpa@last.fm,vJ4*gL4B6)3<Bol,jollerpa
912,rdemezapb@umn.edu,pQ2_NEFELlkWL37|,lwyllispb
913,mblaksleypc@cocolog-nifty.com,cX7.eZ<t|YGvmlq,afalkuspc
914,kantoniadespd@ibm.com,yY5+O(KI}>J{ytAg,vsuttonpd
915,bhardikerpe@nydailynews.com,hN9~$+LL5RkSo5,hszachniewiczpe
916,mtasselerpf@cam.ac.uk,"aW3>a>t4i9O,\0vv",czannollipf
917,gkeenlaysidepg@vinaora.com,sK7*yN1@'i2,lendpg
918,lfollittph@youtube.com,dX9.FYSzP$b,jgrishkovph
919,rfrankcombepi@sohu.com,jM8>p67V`1Veh,jhutonpi
920,hstrattenpj@nba.com,gF5*%<UN2LT,jpinshonpj
921,pwharrampk@about.com,hR2@EP1L4&x5SdC,apeerpk
922,mconerdingpl@php.net,sI9.t!&NZB9a,dzellmerpl
923,zslimmonpm@si.edu,cC0'N{!M5o,lviallpm
924,cibertpn@issuu.com,kY9<'m#ZYIVku8,tbellfieldpn
925,ncraigspo@artisteer.com,yA7&%/Y?h!)V/oM,apawlickpo
926,cmeddemmenpp@deliciousdays.com,"mX8$K7T'UG~6T4i,",ealibertipp
927,edowepq@craigslist.org,zL2>O{0=k,lomarpq
928,prylettpr@pagesperso-orange.fr,kH3%AlCU/D.,bcraisterpr
929,aairdps@51.la,fB9&wWdFODr,tprantlps
930,kgrimsdellpt@arstechnica.com,hS4#'}uKu,lstittpt
931,mdecarolipu@miitbeian.gov.cn,"hJ8.pkZ0%e,X#t!9",fdoftypu
932,sbarajazpv@ucoz.com,vJ4{%/vn0,qkingtonpv
933,pnorvalpw@cmu.edu,cQ5{%ON`h,amatiashvilipw
934,ktownsendpx@ucoz.ru,kU5_oc$J,skenealypx
935,lwestmerlandpy@creativecommons.org,pN4!rSIjL!,tlahypy
936,ecluetpz@mac.com,kA5)DB//vd}hjz,ahackletonpz
937,loverlandq0@last.fm,qM3*Pnoz>Zu,mverbruggenq0
938,fharversonq1@npr.org,bB6>Q>zQy!FpZ,jruddockq1
939,swrightonq2@nhs.uk,aU8`1o.$U6lN|L},csheringhamq2
940,lgoodaq3@imgur.com,pX9~Q4w$$,pmackeeverq3
941,njaneckiq4@disqus.com,eY5}U<Ol9P&.r,jstraussq4
942,frockhillq5@hc360.com,fS5#+dg6TTu+HRI,gcottesfordq5
943,lmatveyevq6@businesswire.com,"tO7~""Hd!jP",cbraffertonq6
944,edudgeonq7@smh.com.au,"rI4(M)B1,Da!)Df",fcrockerq7
945,khyndeq8@digg.com,"qU2,rV!KWYA",callenderq8
946,jniavesq9@mysql.com,dE0)n2Y`F'Vwfc,mandreuzziq9
947,tmallordqa@github.io,eN7?AGB9Rwn,kmiddleweekqa
948,timessonqb@foxnews.com,lR8~9F)xub,ntereseqb
949,rivashovqc@europa.eu,vB2>yg{Be3&5?,jduttonqc
950,fkinghqd@engadget.com,fN6#)}I!bj,cmacrierieqd
951,jjoriotqe@geocities.jp,tJ5|{R?qn9>Jr,lainscoughqe
952,etointonqf@artisteer.com,gT4'+}`zgv#\&h&H,gquarryqf
953,fmeynellqg@columbia.edu,iP9=j<s+H,dhannibalqg
954,jgligoriqh@wired.com,zO8>>{#K7{,ktoyerqh
955,gchildeqi@weibo.com,hY1.Vjx%Rz$Xn){,jspybyqi
956,estreetenqj@lulu.com,hX6(.7nf,dtrayesqj
957,ebattsonqk@flavors.me,kX9>AKr(|aN=5E8s,sleftwichqk
958,sdemichettiql@desdev.cn,rB2?_rIr~M,msetfordql
959,cglasspooleqm@lulu.com,"yK2}'5,MKw8#yv3",lbuckleighqm
960,sbohinqn@psu.edu,yG1<(<('c0,lbridgelandqn
961,edamperqo@chronoengine.com,uT5>6JOJTrVj,creddochqo
962,mtoghillqp@clickbank.net,lY2<&6T>&h|QI,ogreslyqp
963,bpendreighqq@qq.com,"dR0)B7E~3f,4sht",ljonssonqq
964,hamosqr@51.la,tH1\iuznJ`.zV#E,dyezafovichqr
965,cyurevichqs@privacy.gov.au,gJ4(mVrw&RD|B|,ktollandqs
966,tdimsdaleqt@wikimedia.org,rJ0{5v&~Q9EnZWJ,karthyqt
967,fbendallqu@constantcontact.com,uL1`'WPn&Lw0~UT,acastanyerqu
968,dmacgilleqv@bbb.org,"vW1""pyEk9",fpearsallqv
969,bwoolfittqw@adobe.com,"cH8""|Ogf",bpattinsonqw
970,ablairqx@twitter.com,mR1'44i4,eahrendsenqx
971,kmarderqy@free.fr,bV3!{olq,pcartledgeqy
972,glabbqz@boston.com,"rL6,0!s)0!!qL*#",hmccobbqz
973,smcshaner0@dailymotion.com,eG7*zX|Lm+D4,cistonr0
974,rvardyr1@columbia.edu,uT1!yT(=940,tfurleyr1
975,ejoulr2@github.io,wJ0+ITz4,dsenechaultr2
976,hprener3@slideshare.net,"oQ6""Ab1A@!Y@R",lrozierr3
977,pneedr4@slashdot.org,"jS1.J(Gm+,'Qq",rmcfarlandr4
978,cscoler5@sun.com,zV5)cyLmcLGi#7,mprudhamr5
979,amolanr6@amazon.de,"aC7{GmWM""e",dcumor6
980,fribchesterr7@wordpress.org,bC2?bLvWpi,qpachtr7
981,mnazarethr8@apache.org,wS8|p5%v,jallabartonr8
982,bbondleyr9@freewebs.com,pI3#0Vew=|aWpq),tfardyr9
983,dprinnettra@newsvine.com,wV4?<4rFX\WP,rbolfra
984,gklichrb@kickstarter.com,"gL0""M\z6h%<Um?BF",evasserb
985,cguiduccirc@blinklist.com,"eC2!Tw<q""W&",tpershouserc
986,bmerrittrd@cargocollective.com,fN2=?'.kM+4,wdoudrd
987,dhaldinre@chicagotribune.com,zG1<TcE5i/#nnV\C,tbowheyre
988,dpavisrf@newyorker.com,pV6=1q|#WOqVT,mweatherbyrf
989,kkingswoodrg@state.gov,"gA5&50WKFA.T,u*i",cdavernrg
990,dgatecliffrh@businessinsider.com,"qW6<5v,mW>s""L",eworganrh
991,bimlackeri@tinyurl.com,yF1>$V\!Hj,rreckeri
992,rolwenrj@tripadvisor.com,fD4+0e8Y',bkummerlowerj
993,jgrowcockrk@usnews.com,gV7{*Ov{(*oRuzOm,pmebesrk
994,gmcreathrl@ehow.com,bV4<Ox6kzs}dM<n,hvanyashkinrl
995,gvanichkovrm@indiegogo.com,lP4>kzA@v.&y(,jpriddlerm
996,wholthamrn@ustream.tv,yE4/%o)@agJh,cpetrakrn
997,akeelero@mayoclinic.com,pW5(}qnmw,ktolero
998,dcorssrp@liveinternet.ru,zF8+lTAPi,dlinzeerp
999,brizzardirq@youtu.be,gN3&3OvN24c&w,cportigallrq
1000,hmccowanrr@ucla.edu,aJ8}\}~k'zM)Q6,bbowerrr
